mean_intensity,std_intensity,elongation_ratio,compactness,label
-14.667605533621662,2.6865006296730636,1.3332007652232791,3.63897391039638,0
-15.431825931842122,2.309793885652666,1.4413794373525513,3.6364255971100325,0
-15.116446551743206,2.5553058384617233,1.5122102060975449,2.849612071096272,0
-15.515338985864604,2.976849465562238,1.3426372121231964,3.8156906092060723,1
-14.776183122421097,3.0147700786658698,1.3862700609590868,3.8177709404653144,1
-15.730175146022022,3.05702114410497,1.3807413808491793,3.8468648666498346,1
-16.050792227824395,2.3563149873858165,1.6885580376166558,2.8619539054189795,1
-15.520331688203143,2.6850573431732814,1.2906625608907951,3.0099926116638747,0
-15.882241914974633,2.2393170201697825,1.6487134266368806,2.9384279747160886,1
-14.954610664204703,3.053697455816156,1.5238594733947657,2.5195416948383675,1
-15.403461452026024,3.087886490622705,1.4946675765698811,4.246846476163321,1
-16.082395230247624,2.2514288244324767,1.3146685707734171,3.972804030131281,1
-14.157815637639544,3.494195616314843,1.2866959200363102,2.4914291110403233,0
-15.825625971207526,2.0856302841339724,1.5124678112004128,4.373211384589923,1
-14.6501071742986,3.4630499415646323,1.408383190908817,3.5471713760055192,0
-16.081293544352327,2.1568517605016004,1.5545720998174546,3.912951452973802,1
-13.530536199462782,2.4046596288351,1.4780578216190374,3.108637536208584,0
-14.929500962685964,3.2763966484872644,1.476974460529748,4.282511987404376,0
-14.853230561247809,2.7472935746797083,1.5221454203750524,3.938403556544528,1
-14.840488680945487,2.711946313624721,1.6376681795876789,4.111340305900106,1
-14.702295537159454,2.9187728164445965,1.2102568263225741,2.9824956552523125,0
-14.337720688781955,3.393174941184594,1.570871127791781,2.769284163710907,0
-14.858158338646769,2.4877850963370425,1.6093892502746403,2.7617473214366997,1
-14.138464451314942,3.0248720424344686,1.498869905603371,3.7356944804024277,1
-14.472547527872521,2.8165427047100575,1.5359445211466882,4.100046246796023,0
-15.855792778721966,2.6939344351089742,1.647309002163352,3.954338139532616,1
-14.075219884731824,2.1408510736841277,1.5690408472900506,3.387500438609142,1
-13.519604962941719,3.4771374366176437,1.2834042057429342,4.161190429287832,0
-15.183993347659717,3.097384282632998,1.3326519928122358,2.6207041679811276,1
-14.440351688308567,2.8776515181058437,1.4346433852701896,2.6360284154897267,0
-14.060336860452171,2.5053436876566604,1.3728471662754798,4.079397014284958,1
-14.323116374156852,3.17357822608741,1.526806504394667,3.9768984185026532,1
-14.836985969290705,2.290213513901178,1.424918726351164,4.2152505690107605,0
-16.07560523728115,2.7796609228340268,1.4348012705725146,4.157766731765219,1
-15.342218575222892,2.740204611207279,1.2350570987055354,4.173915646062126,0
-16.421034637935897,3.4043183693655346,1.320788513460589,3.582592670602141,1
-13.59268281190605,2.9253184700798873,1.5223970199100634,3.4004530843125234,0
-14.227384345693919,2.360315384642116,1.4269248878515615,2.8131255674027273,0
-15.709609737558123,2.7608522130325888,1.316629143620157,2.7966864019241777,1
-14.643233697000047,2.638240001672113,1.4383739970187852,3.242077525969205,1
-14.480385145146855,3.1434277021649235,1.6191254595434539,3.3711666296258658,1
-16.401641148328725,2.18316487101504,1.4808796113133742,4.36775003505581,1
-15.651374518642985,3.2222376706197684,1.33204593855387,4.2896333121210555,1
-14.498514166598456,2.973519141544747,1.5677567892857671,3.2939269658116603,0
-14.075447387303639,2.680684312075459,1.3944201853385856,2.646993494660025,1
-14.248245339971854,2.6325813903101833,1.4107311188940206,3.6847006571867245,1
-15.826440393134767,2.9785896863624055,1.2270450254368859,3.900713015644723,0
-16.091190318537443,2.586622304977641,1.687764928934115,3.016266865402255,1
-13.992435255418341,3.008741915012882,1.3245230796624015,3.5206675666218366,0
-15.928863146671754,3.494500874085113,1.689917264858713,3.8006513726938738,1
-15.386736862493336,2.7722260308945352,1.4436933477599063,3.685901702869855,1
-15.081147879346105,3.0341974537058984,1.620234679643633,2.90030048848962,1
-14.030876090659856,2.0601637871187237,1.6468125984489794,3.6573508171447866,1
-15.2778835493577,3.0002963863191567,1.3558605019025252,2.5599471797453557,1
-15.13101905961566,3.2259466549437406,1.48092731380732,3.7871553903930497,1
-15.679014276364686,2.3561644740762495,1.4897355268514965,3.456773834012818,0
-14.727348701372708,3.3064536856191284,1.5856347728529712,4.103456166139583,1
-15.5471266261633,3.2216767809474742,1.2725753390782508,3.35032676733412,0
-14.033424692602882,3.4476780446540682,1.301975992373764,4.403623570846478,1
-15.00171021047673,2.428624019995626,1.5969934008633502,4.154001935848591,0
-15.049510953035357,2.798234171345351,1.432068947690933,3.367205093453757,0
-15.79770179237187,2.8044702681477425,1.2694098059946035,3.6899021778049232,0
-14.451274134975964,2.8952410657008585,1.3519143120716919,4.02666729914365,0
-14.327737538803206,2.8559146199582446,1.3121548238787348,4.361897391013955,1
-13.955414459562446,2.380313583055913,1.4177956391843398,2.311517320996243,0
-15.891468667862952,3.1497270633910337,1.580561336882663,3.503223640292662,0
-14.001465685573333,2.072318058290834,1.690869673688527,3.313815921445741,1
-13.952027851433025,3.526309695022612,1.291231908779573,2.724089679816453,0
-14.785320602034187,2.585164851580762,1.313949160784769,2.914579929852573,0
-15.709084005286309,3.4261745627367874,1.352249317390632,4.055948640890139,0
-15.314598333600486,2.31912905348348,1.234263299838572,4.088381749328237,0
-14.329644364056236,2.265724684171079,1.5770503808904657,4.17623057929622,1
-13.611190760112663,2.2273488740145426,1.2783111942734184,2.315125749956284,0
-14.30371109674663,2.6062104824765493,1.4308132646252956,3.8351867711271694,1
-13.829858274731375,3.4088881001764317,1.5160121745228246,2.9093582781960814,0
-14.480237268016388,3.3473248923131926,1.5251942954864375,3.7362461524529884,0
-15.420132259710062,2.786358993858272,1.4377905340744692,3.2935337177183386,0
-15.03661408900812,3.302406920769888,1.3823364840147074,2.7238392387954558,1
-14.61549439821906,2.6582864659870356,1.3587926068297134,3.194405081009671,0
-14.381313214613492,3.5470458234249804,1.2973929186305198,4.154069089592613,0
-14.209623314442016,2.6089360011003007,1.3654196406101407,2.5437721866738947,0
-13.51465159694708,3.1927587847740684,1.42311336694801,3.7613010204784922,0
-14.90220015546125,3.301877441780033,1.4818959422535436,3.5311920571585005,1
-15.422781190845486,2.3730714088814446,1.5468579946416119,3.9135544337708916,1
-15.68384672939002,2.776567465077067,1.3351465996579335,3.2012538624183615,1
-15.028604746824136,2.873040433933796,1.295017652349731,3.04650358325868,0
-14.667217443961798,2.1973515276908895,1.5863299858728355,4.318065041331282,1
-16.416992228021584,2.1178677457325312,1.4587693104806385,2.7654315080861207,1
-14.364037266576052,2.738416784672052,1.3988924297612708,4.241499802545023,1
-15.7583088758832,2.875556404387278,1.5024653315580985,2.995143048477964,0
-15.777188919709959,3.332905630745212,1.251085393454094,3.952135260505057,0
-15.940903534884159,3.162957250664899,1.4428376144355124,3.39339482542814,0
-15.56174264410585,3.235007336230999,1.2803734754636227,3.371655368946162,0
-15.415719795223918,3.010017871906766,1.5520316350245833,3.601754738094388,0
-14.219091635958272,2.3159932835085,1.5491866334253932,3.763120440185041,1
-15.849331524276097,3.6016540402082717,1.3406490748958537,2.5028416568984326,0
-13.943464203715804,2.8356073804731445,1.4670199597165883,2.491070627669336,0
-16.001143872677137,3.020342363646937,1.3288793635916705,2.5613050044116124,1
-14.044929780824035,3.2631170466144646,1.214464152209905,2.906256711890657,0
-15.188535425249324,2.749692302307097,1.3584690766437022,3.690934413379724,0
